instance,algorithm,iterations,mean_cost,best_cost,mean_ms,min_ms,exact_hits,seeds
n=25 k=5,QPSO,100,21386.1307,20485.3969,520.71,515.58,,5
n=25 k=5,Classical PSO,100,19161.9491,18226.5293,518.08,506.51,,5
n=25 k=5,Genetic Algorithm,100,18725.1766,17945.4737,602.07,597.75,,5
n=25 k=5,ACO,100,16343.2198,16190.3726,1130.78,1110.35,,5
n=25 k=5,QPSO,300,19496.8210,17040.5174,1724.70,1478.31,,5
n=25 k=5,Classical PSO,300,19135.4755,17815.7049,1579.59,1455.24,,5
n=25 k=5,Genetic Algorithm,300,17984.5991,17555.4276,1854.04,1751.37,,5
n=25 k=5,ACO,300,16343.2198,16190.3726,4834857.07,3369.99,,5
n=25 k=5,QPSO,1000,17920.6026,16960.5379,4888.48,4639.63,,5
n=25 k=5,Classical PSO,1000,18305.7155,17746.6376,4795.44,4706.41,,5
n=25 k=5,Genetic Algorithm,1000,17277.9609,16981.5709,5655.18,5316.87,,5
n=25 k=5,ACO,1000,16322.8106,16190.3726,10639.72,10244.23,,5
n=25 k=5,QPSO,3000,17359.7561,16688.3883,15344.96,14753.43,,5
n=25 k=5,Classical PSO,3000,18446.3322,17420.2294,15564.62,14499.65,,5
n=25 k=5,Genetic Algorithm,3000,16797.2690,16446.4187,17584.45,16704.58,,5
n=25 k=5,ACO,3000,16282.6463,16129.2571,32651.80,31348.10,,5
