instance,n_deliveries,n_vehicles,scenario_seed,algorithm,runs,best,mean,worst,stdev,mean_ms,min_ms,exact_hits,gap_vs_optimal_pct,gap_vs_best_known_pct,feasible_runs
n=8 k=3,8,3,7,brute force,1,588.1146,588.1146,588.1146,0.0000,3.14,3.14,1,0.0000,0.0000,1
n=8 k=3,8,3,7,savings,1,761.9967,761.9967,761.9967,0.0000,0.14,0.14,0,29.5660,29.5660,1
n=8 k=3,8,3,7,ACO,5,588.1146,589.2233,593.6579,2.2173,398.59,280.98,4,0.0000,0.0000,5
n=8 k=3,8,3,7,Genetic Algorithm,5,588.1146,593.0008,597.1863,4.1170,297.54,232.32,2,0.0000,0.0000,5
n=8 k=3,8,3,7,Classical PSO,5,588.1146,601.8008,632.1146,15.5149,219.70,179.73,1,0.0000,0.0000,5
n=8 k=3,8,3,7,QPSO,5,588.1146,591.7433,597.1863,4.4442,231.38,179.24,3,0.0000,0.0000,5
n=15 k=3,15,3,7,savings,1,1013.3401,1013.3401,1013.3401,0.0000,0.18,0.18,,,41.8999,1
n=15 k=3,15,3,7,ACO,5,714.1231,714.5431,716.2231,0.8400,747.25,529.33,,,0.0000,5
n=15 k=3,15,3,7,Genetic Algorithm,5,736.8827,790.6107,846.0804,41.2634,455.77,336.61,,,3.1871,5
n=15 k=3,15,3,7,Classical PSO,5,747.6437,800.4030,854.1643,41.1257,389.67,276.00,,,4.6940,5
n=15 k=3,15,3,7,QPSO,5,734.0109,784.4992,823.7434,33.1097,388.81,285.99,,,2.7849,5
n=25 k=5,25,5,7,savings,1,1774.0465,1774.0465,1774.0465,0.0000,0.43,0.43,,,47.8364,1
n=25 k=5,25,5,7,ACO,5,1200.0067,1220.3509,1228.9482,10.6044,1116.28,994.87,,,0.0000,5
n=25 k=5,25,5,7,Genetic Algorithm,5,1372.6742,1405.4558,1425.4882,18.6755,733.70,658.84,,,14.3889,5
n=25 k=5,25,5,7,Classical PSO,5,1336.1760,1398.5081,1525.6444,67.5367,653.65,592.41,,,11.3474,5
n=25 k=5,25,5,7,QPSO,5,1450.9402,1535.6974,1643.1980,68.0677,646.54,595.17,,,20.9110,5
